input,summary
"Automatic Text Summarization is a key technique in Natural Language Processing (NLP) that uses algorithms to reduce large texts while preserving essential information. Although it doesn’t receive as much attention as other machine learning breakthroughs, text summarization technology has seen continuous improvements. By extracting key concepts and maintaining the original meaning, these systems can revolutionize industries such as banking, law, and healthcare, enabling faster decision-making and information retrieval.

There are two primary types of text summarization techniques:

Extractive Summarization
Abstractive Summarization
Extractive Summarization
Extractive summarization algorithms automatically generate summaries by selecting and combining key passages from the original text. Unlike human summarizers, these models focus on extracting the most important sentences without creating new content. The goal is to preserve the meaning of the original text while condensing it.","Automatic Text Summarization is a key technique in Natural Language Processing (NLP) that uses algorithms to reduce large texts while preserving essential information. By extracting key concepts and maintaining the original meaning, these systems can revolutionize industries such as banking, law, and healthcare, enabling faster decision-making and information retrieval."
"Automatic Text Summarization is a key technique in Natural Language Processing (NLP) that uses algorithms to reduce large texts while preserving essential information. Although it doesn’t receive as much attention as other machine learning breakthroughs, text summarization technology has seen continuous improvements. By extracting key concepts and maintaining the original meaning, these systems can revolutionize industries such as banking, law, and healthcare, enabling faster decision-making and information retrieval.

There are two primary types of text summarization techniques:

Extractive Summarization
Abstractive Summarization
Extractive Summarization
Extractive summarization algorithms automatically generate summaries by selecting and combining key passages from the original text. Unlike human summarizers, these models focus on extracting the most important sentences without creating new content. The goal is to preserve the meaning of the original text while condensing it.","Automatic Text Summarization is a key technique in Natural Language Processing (NLP) that uses algorithms to reduce large texts while preserving essential information. By extracting key concepts and maintaining the original meaning, these systems can revolutionize industries such as banking, law, and healthcare, enabling faster decision-making and information retrieval."
"Automatic Text Summarization is a key technique in Natural Language Processing (NLP) that uses algorithms to reduce large texts while preserving essential information. Although it doesn’t receive as much attention as other machine learning breakthroughs, text summarization technology has seen continuous improvements. By extracting key concepts and maintaining the original meaning, these systems can revolutionize industries such as banking, law, and healthcare, enabling faster decision-making and information retrieval.

There are two primary types of text summarization techniques:

Extractive Summarization
Abstractive Summarization
Extractive Summarization
Extractive summarization algorithms automatically generate summaries by selecting and combining key passages from the original text. Unlike human summarizers, these models focus on extracting the most important sentences without creating new content. The goal is to preserve the meaning of the original text while condensing it.","Automatic Text Summarization is a key technique in Natural Language Processing (NLP) that uses algorithms to reduce large texts while preserving essential information. By extracting key concepts and maintaining the original meaning, these systems can revolutionize industries such as banking, law, and healthcare, enabling faster decision-making and information retrieval."
"Automatic Text Summarization is a key technique in Natural Language Processing (NLP) that uses algorithms to reduce large texts while preserving essential information. Although it doesn’t receive as much attention as other machine learning breakthroughs, text summarization technology has seen continuous improvements. By extracting key concepts and maintaining the original meaning, these systems can revolutionize industries such as banking, law, and healthcare, enabling faster decision-making and information retrieval.

There are two primary types of text summarization techniques:

Extractive Summarization
Abstractive Summarization
Extractive Summarization
Extractive summarization algorithms automatically generate summaries by selecting and combining key passages from the original text. Unlike human summarizers, these models focus on extracting the most important sentences without creating new content. The goal is to preserve the meaning of the original text while condensing it.","Automatic Text Summarization is a key technique in Natural Language Processing (NLP) that uses algorithms to reduce large texts while preserving essential information. By extracting key concepts and maintaining the original meaning, these systems can revolutionize industries such as banking, law, and healthcare, enabling faster decision-making and information retrieval."
"Automatic Text Summarization is a key technique in Natural Language Processing (NLP) that uses algorithms to reduce large texts while preserving essential information. Although it doesn’t receive as much attention as other machine learning breakthroughs, text summarization technology has seen continuous improvements. By extracting key concepts and maintaining the original meaning, these systems can revolutionize industries such as banking, law, and healthcare, enabling faster decision-making and information retrieval.

There are two primary types of text summarization techniques:

Extractive Summarization
Abstractive Summarization
Extractive Summarization
Extractive summarization algorithms automatically generate summaries by selecting and combining key passages from the original text. Unlike human summarizers, these models focus on extracting the most important sentences without creating new content. The goal is to preserve the meaning of the original text while condensing it.","Automatic Text Summarization is a key technique in Natural Language Processing (NLP) that uses algorithms to reduce large texts while preserving essential information. By extracting key concepts and maintaining the original meaning, these systems can revolutionize industries such as banking, law, and healthcare, enabling faster decision-making and information retrieval."
"Automatic Text Summarization is a key technique in Natural Language Processing (NLP) that uses algorithms to reduce large texts while preserving essential information. Although it doesn’t receive as much attention as other machine learning breakthroughs, text summarization technology has seen continuous improvements. By extracting key concepts and maintaining the original meaning, these systems can revolutionize industries such as banking, law, and healthcare, enabling faster decision-making and information retrieval.

There are two primary types of text summarization techniques:

Extractive Summarization
Abstractive Summarization
Extractive Summarization
Extractive summarization algorithms automatically generate summaries by selecting and combining key passages from the original text. Unlike human summarizers, these models focus on extracting the most important sentences without creating new content. The goal is to preserve the meaning of the original text while condensing it.","Automatic Text Summarization is a key technique in Natural Language Processing (NLP) that uses algorithms to reduce large texts while preserving essential information. By extracting key concepts and maintaining the original meaning, these systems can revolutionize industries such as banking, law, and healthcare, enabling faster decision-making and information retrieval."
"Automatic Text Summarization is a key technique in Natural Language Processing (NLP) that uses algorithms to reduce large texts while preserving essential information. Although it doesn’t receive as much attention as other machine learning breakthroughs, text summarization technology has seen continuous improvements. By extracting key concepts and maintaining the original meaning, these systems can revolutionize industries such as banking, law, and healthcare, enabling faster decision-making and information retrieval.

There are two primary types of text summarization techniques:

Extractive Summarization
Abstractive Summarization
Extractive Summarization
Extractive summarization algorithms automatically generate summaries by selecting and combining key passages from the original text. Unlike human summarizers, these models focus on extracting the most important sentences without creating new content. The goal is to preserve the meaning of the original text while condensing it.","Automatic Text Summarization is a key technique in Natural Language Processing (NLP) that uses algorithms to reduce large texts while preserving essential information. By extracting key concepts and maintaining the original meaning, these systems can revolutionize industries such as banking, law, and healthcare, enabling faster decision-making and information retrieval."
"Automatic Text Summarization is a key technique in Natural Language Processing (NLP) that uses algorithms to reduce large texts while preserving essential information. Although it doesn’t receive as much attention as other machine learning breakthroughs, text summarization technology has seen continuous improvements. By extracting key concepts and maintaining the original meaning, these systems can revolutionize industries such as banking, law, and healthcare, enabling faster decision-making and information retrieval.

There are two primary types of text summarization techniques:

Extractive Summarization
Abstractive Summarization
Extractive Summarization
Extractive summarization algorithms automatically generate summaries by selecting and combining key passages from the original text. Unlike human summarizers, these models focus on extracting the most important sentences without creating new content. The goal is to preserve the meaning of the original text while condensing it.","Automatic Text Summarization is a key technique in Natural Language Processing (NLP) that uses algorithms to reduce large texts while preserving essential information. By extracting key concepts and maintaining the original meaning, these systems can revolutionize industries such as banking, law, and healthcare, enabling faster decision-making and information retrieval."
"Automatic Text Summarization is a key technique in Natural Language Processing (NLP) that uses algorithms to reduce large texts while preserving essential information. Although it doesn’t receive as much attention as other machine learning breakthroughs, text summarization technology has seen continuous improvements. By extracting key concepts and maintaining the original meaning, these systems can revolutionize industries such as banking, law, and healthcare, enabling faster decision-making and information retrieval.

There are two primary types of text summarization techniques:

Extractive Summarization
Abstractive Summarization
Extractive Summarization
Extractive summarization algorithms automatically generate summaries by selecting and combining key passages from the original text. Unlike human summarizers, these models focus on extracting the most important sentences without creating new content. The goal is to preserve the meaning of the original text while condensing it.","Automatic Text Summarization is a key technique in Natural Language Processing (NLP) that uses algorithms to reduce large texts while preserving essential information. By extracting key concepts and maintaining the original meaning, these systems can revolutionize industries such as banking, law, and healthcare, enabling faster decision-making and information retrieval."
"Automatic Text Summarization is a key technique in Natural Language Processing (NLP) that uses algorithms to reduce large texts while preserving essential information. Although it doesn’t receive as much attention as other machine learning breakthroughs, text summarization technology has seen continuous improvements. By extracting key concepts and maintaining the original meaning, these systems can revolutionize industries such as banking, law, and healthcare, enabling faster decision-making and information retrieval.

There are two primary types of text summarization techniques:

Extractive Summarization
Abstractive Summarization
Extractive Summarization
Extractive summarization algorithms automatically generate summaries by selecting and combining key passages from the original text. Unlike human summarizers, these models focus on extracting the most important sentences without creating new content. The goal is to preserve the meaning of the original text while condensing it.","Automatic Text Summarization is a key technique in Natural Language Processing (NLP) that uses algorithms to reduce large texts while preserving essential information. By extracting key concepts and maintaining the original meaning, these systems can revolutionize industries such as banking, law, and healthcare, enabling faster decision-making and information retrieval."
"Automatic Text Summarization is a key technique in Natural Language Processing (NLP) that uses algorithms to reduce large texts while preserving essential information. Although it doesn’t receive as much attention as other machine learning breakthroughs, text summarization technology has seen continuous improvements. By extracting key concepts and maintaining the original meaning, these systems can revolutionize industries such as banking, law, and healthcare, enabling faster decision-making and information retrieval.

There are two primary types of text summarization techniques:

Extractive Summarization
Abstractive Summarization
Extractive Summarization
Extractive summarization algorithms automatically generate summaries by selecting and combining key passages from the original text. Unlike human summarizers, these models focus on extracting the most important sentences without creating new content. The goal is to preserve the meaning of the original text while condensing it.","Automatic Text Summarization is a key technique in Natural Language Processing (NLP) that uses algorithms to reduce large texts while preserving essential information. By extracting key concepts and maintaining the original meaning, these systems can revolutionize industries such as banking, law, and healthcare, enabling faster decision-making and information retrieval."
"Automatic Text Summarization is a key technique in Natural Language Processing (NLP) that uses algorithms to reduce large texts while preserving essential information. Although it doesn’t receive as much attention as other machine learning breakthroughs, text summarization technology has seen continuous improvements. By extracting key concepts and maintaining the original meaning, these systems can revolutionize industries such as banking, law, and healthcare, enabling faster decision-making and information retrieval.

There are two primary types of text summarization techniques:

Extractive Summarization
Abstractive Summarization
Extractive Summarization
Extractive summarization algorithms automatically generate summaries by selecting and combining key passages from the original text. Unlike human summarizers, these models focus on extracting the most important sentences without creating new content. The goal is to preserve the meaning of the original text while condensing it.","Automatic Text Summarization is a key technique in Natural Language Processing (NLP) that uses algorithms to reduce large texts while preserving essential information. By extracting key concepts and maintaining the original meaning, these systems can revolutionize industries such as banking, law, and healthcare, enabling faster decision-making and information retrieval."
"Automatic Text Summarization is a key technique in Natural Language Processing (NLP) that uses algorithms to reduce large texts while preserving essential information. Although it doesn’t receive as much attention as other machine learning breakthroughs, text summarization technology has seen continuous improvements. By extracting key concepts and maintaining the original meaning, these systems can revolutionize industries such as banking, law, and healthcare, enabling faster decision-making and information retrieval.

There are two primary types of text summarization techniques:

Extractive Summarization
Abstractive Summarization
Extractive Summarization
Extractive summarization algorithms automatically generate summaries by selecting and combining key passages from the original text. Unlike human summarizers, these models focus on extracting the most important sentences without creating new content. The goal is to preserve the meaning of the original text while condensing it.","Automatic Text Summarization is a key technique in Natural Language Processing (NLP) that uses algorithms to reduce large texts while preserving essential information. By extracting key concepts and maintaining the original meaning, these systems can revolutionize industries such as banking, law, and healthcare, enabling faster decision-making and information retrieval."
"Automatic Text Summarization is a key technique in Natural Language Processing (NLP) that uses algorithms to reduce large texts while preserving essential information. Although it doesn’t receive as much attention as other machine learning breakthroughs, text summarization technology has seen continuous improvements. By extracting key concepts and maintaining the original meaning, these systems can revolutionize industries such as banking, law, and healthcare, enabling faster decision-making and information retrieval.

There are two primary types of text summarization techniques:

Extractive Summarization
Abstractive Summarization
Extractive Summarization
Extractive summarization algorithms automatically generate summaries by selecting and combining key passages from the original text. Unlike human summarizers, these models focus on extracting the most important sentences without creating new content. The goal is to preserve the meaning of the original text while condensing it.","Automatic Text Summarization is a key technique in Natural Language Processing (NLP) that uses algorithms to reduce large texts while preserving essential information. By extracting key concepts and maintaining the original meaning, these systems can revolutionize industries such as banking, law, and healthcare, enabling faster decision-making and information retrieval."
"Automatic Text Summarization is a key technique in Natural Language Processing (NLP) that uses algorithms to reduce large texts while preserving essential information. Although it doesn’t receive as much attention as other machine learning breakthroughs, text summarization technology has seen continuous improvements. By extracting key concepts and maintaining the original meaning, these systems can revolutionize industries such as banking, law, and healthcare, enabling faster decision-making and information retrieval.

There are two primary types of text summarization techniques:

Extractive Summarization
Abstractive Summarization
Extractive Summarization
Extractive summarization algorithms automatically generate summaries by selecting and combining key passages from the original text. Unlike human summarizers, these models focus on extracting the most important sentences without creating new content. The goal is to preserve the meaning of the original text while condensing it.","Automatic Text Summarization is a key technique in Natural Language Processing (NLP) that uses algorithms to reduce large texts while preserving essential information. By extracting key concepts and maintaining the original meaning, these systems can revolutionize industries such as banking, law, and healthcare, enabling faster decision-making and information retrieval."
"Automatic Text Summarization is a key technique in Natural Language Processing (NLP) that uses algorithms to reduce large texts while preserving essential information. Although it doesn’t receive as much attention as other machine learning breakthroughs, text summarization technology has seen continuous improvements. By extracting key concepts and maintaining the original meaning, these systems can revolutionize industries such as banking, law, and healthcare, enabling faster decision-making and information retrieval.

There are two primary types of text summarization techniques:

Extractive Summarization
Abstractive Summarization
Extractive Summarization
Extractive summarization algorithms automatically generate summaries by selecting and combining key passages from the original text. Unlike human summarizers, these models focus on extracting the most important sentences without creating new content. The goal is to preserve the meaning of the original text while condensing it.","Automatic Text Summarization is a key technique in Natural Language Processing (NLP) that uses algorithms to reduce large texts while preserving essential information. By extracting key concepts and maintaining the original meaning, these systems can revolutionize industries such as banking, law, and healthcare, enabling faster decision-making and information retrieval."
"Automatic Text Summarization is a key technique in Natural Language Processing (NLP) that uses algorithms to reduce large texts while preserving essential information. Although it doesn’t receive as much attention as other machine learning breakthroughs, text summarization technology has seen continuous improvements. By extracting key concepts and maintaining the original meaning, these systems can revolutionize industries such as banking, law, and healthcare, enabling faster decision-making and information retrieval.

There are two primary types of text summarization techniques:

Extractive Summarization
Abstractive Summarization
Extractive Summarization
Extractive summarization algorithms automatically generate summaries by selecting and combining key passages from the original text. Unlike human summarizers, these models focus on extracting the most important sentences without creating new content. The goal is to preserve the meaning of the original text while condensing it.","Automatic Text Summarization is a key technique in Natural Language Processing (NLP) that uses algorithms to reduce large texts while preserving essential information. By extracting key concepts and maintaining the original meaning, these systems can revolutionize industries such as banking, law, and healthcare, enabling faster decision-making and information retrieval."
"Automatic Text Summarization is a key technique in Natural Language Processing (NLP) that uses algorithms to reduce large texts while preserving essential information. Although it doesn’t receive as much attention as other machine learning breakthroughs, text summarization technology has seen continuous improvements. By extracting key concepts and maintaining the original meaning, these systems can revolutionize industries such as banking, law, and healthcare, enabling faster decision-making and information retrieval.

There are two primary types of text summarization techniques:

Extractive Summarization
Abstractive Summarization
Extractive Summarization
Extractive summarization algorithms automatically generate summaries by selecting and combining key passages from the original text. Unlike human summarizers, these models focus on extracting the most important sentences without creating new content. The goal is to preserve the meaning of the original text while condensing it.","Automatic Text Summarization is a key technique in Natural Language Processing (NLP) that uses algorithms to reduce large texts while preserving essential information. By extracting key concepts and maintaining the original meaning, these systems can revolutionize industries such as banking, law, and healthcare, enabling faster decision-making and information retrieval."
"Automatic Text Summarization is a key technique in Natural Language Processing (NLP) that uses algorithms to reduce large texts while preserving essential information. Although it doesn’t receive as much attention as other machine learning breakthroughs, text summarization technology has seen continuous improvements. By extracting key concepts and maintaining the original meaning, these systems can revolutionize industries such as banking, law, and healthcare, enabling faster decision-making and information retrieval.

There are two primary types of text summarization techniques:

Extractive Summarization
Abstractive Summarization
Extractive Summarization
Extractive summarization algorithms automatically generate summaries by selecting and combining key passages from the original text. Unlike human summarizers, these models focus on extracting the most important sentences without creating new content. The goal is to preserve the meaning of the original text while condensing it.","Automatic Text Summarization is a key technique in Natural Language Processing (NLP) that uses algorithms to reduce large texts while preserving essential information. By extracting key concepts and maintaining the original meaning, these systems can revolutionize industries such as banking, law, and healthcare, enabling faster decision-making and information retrieval."
"Automatic Text Summarization is a key technique in Natural Language Processing (NLP) that uses algorithms to reduce large texts while preserving essential information. Although it doesn’t receive as much attention as other machine learning breakthroughs, text summarization technology has seen continuous improvements. By extracting key concepts and maintaining the original meaning, these systems can revolutionize industries such as banking, law, and healthcare, enabling faster decision-making and information retrieval.

There are two primary types of text summarization techniques:

Extractive Summarization
Abstractive Summarization
Extractive Summarization
Extractive summarization algorithms automatically generate summaries by selecting and combining key passages from the original text. Unlike human summarizers, these models focus on extracting the most important sentences without creating new content. The goal is to preserve the meaning of the original text while condensing it.","Automatic Text Summarization is a key technique in Natural Language Processing (NLP) that uses algorithms to reduce large texts while preserving essential information. By extracting key concepts and maintaining the original meaning, these systems can revolutionize industries such as banking, law, and healthcare, enabling faster decision-making and information retrieval."
This is a long test paragraph. It should summarize this content into something shorter.,This is a long test paragraph.
This is a test. This is a test. This is a test. This is a test. This is a test. This is a test. This is a test. This is a test. This is a test. This is a test. This is a test. This is a test. This is a test. This is a test. This is a test. This is a test. This is a test. This is a test. This is a test. This is a test. This is a test. This is a test. This is a test. This is a test. This is a test. This is a test. This is a test. This is a test. This is a test. This is a test. This is a test. This is a test. This is a test. This is a test. This is a test. This is a test. This is a test. This is a test. This is a test. This is a test. This is a test. This is a test. This is a test. This is a test. This is a test. This is a test. This is a test. This is a test. This is a test. This is a test. ,This is a test. This is a test. This is a test.
This is a test. This is a test. This is a test. This is a test. This is a test. This is a test. This is a test. This is a test. This is a test. This is a test. This is a test. This is a test. This is a test. This is a test. This is a test. This is a test. This is a test. This is a test. This is a test. This is a test. This is a test. This is a test. This is a test. This is a test. This is a test. This is a test. This is a test. This is a test. This is a test. This is a test. This is a test. This is a test. This is a test. This is a test. This is a test. This is a test. This is a test. This is a test. This is a test. This is a test. This is a test. This is a test. This is a test. This is a test. This is a test. This is a test. This is a test. This is a test. This is a test. This is a test. ,This is a test. This is a test. This is a test.
